Date,Ticker,Score,LTP,Stop,Risk_Pct,Shares,Capital_Req,Target_1,T1_Gain_Pct,Vol_Mult
2026-10-01,GALAXYSURF,64.8,2381.2,2304.41,3.2,162,385754.0,2619.32,10.0,4.0
2026-10-05,LGEINDIA,78.3,1777.6,1690.54,4.9,143,254197.0,1955.36,10.0,4.6
2026-10-05,OMFREIGHT,77.9,101.0,94.44,6.5,1904,192304.0,113.59,12.5,4.1
2026-10-05,CYIENT,70.9,1141.9,1086.26,4.9,224,255786.0,1260.61,10.4,3.0
2026-10-05,BOSCH-HCIL,65.1,2000.0,1931.89,3.4,183,366000.0,2205.57,10.3,2.0
2026-10-06,RRKABEL,93.2,2792.7,2611.17,6.5,68,189904.0,3071.97,10.0,2.5
2026-10-06,PARAGMILK,93.2,308.5,288.45,6.5,623,192196.0,346.3,12.3,3.0
2026-10-06,DBOL,92.6,138.4,129.4,6.5,1389,192238.0,154.17,11.4,4.7
2026-10-06,BHEL,87.3,451.5,422.15,6.5,425,191888.0,496.65,10.0,3.2
2026-10-06,MOTILALOFS,86.1,1082.0,1011.67,6.5,177,191514.0,1190.2,10.0,2.7
